{"cameraMode":{"drawMode":0,"name":"Shaded","section":"Shading Mode"},"sceneLighting":false,"audioPlay":false,"sceneViewState":{"showFog":false,"showMaterialUpdate":false,"showSkybox":false,"showFlares":false,"showImageEffects":false,"showParticleSystems":false},"in2DMode":false,"pivot":{"x":40.35357666015625,"y":-11.656524658203125,"z":-143.46881103515626},"rotation":{"x":-0.3545186221599579,"y":-0.23686107993125916,"z":0.09328300505876541,"w":-0.8998055458068848},"size":642.5817260742188,"orthographic":false}